feature,mean_importance
DEATH_EVENT,-0.10699087563210315
ejection_fraction,-0.07608419194555496
serum_creatinine,-0.06136427925311434
anaemia,-0.055212525196881176
smoking,-0.03642121880533624
sex,-0.03361986451839496
platelets,-0.020074297453236856
creatinine_phosphokinase,-0.019890007227450247
serum_sodium,0.009300406703868048
diabetes,0.02913020433740119
age,0.09595832838824939
time,0.2962254158426173
