feature,mean_importance
serum_sodium,-0.013616256841591401
age,-0.009169271162577996
platelets,-0.008221689185925852
creatinine_phosphokinase,-0.006962512433528878
serum_creatinine,-0.003428099836621934
smoking,-0.00240342425448552
anaemia,-0.0012138254940509575
sex,0.0
DEATH_EVENT,0.0
diabetes,0.00017094314098358153
ejection_fraction,0.007703082157032859
time,0.04147128090262413
