feature,shap_importance
time,0.6892786196013587
DEATH_EVENT,0.2498326463274466
platelets,0.17899119918309062
ejection_fraction,0.1546351312072536
serum_sodium,0.12437642180431584
sex,0.08917304110797132
creatinine_phosphokinase,0.05368983119224836
serum_creatinine,0.0522921496614007
anaemia,0.04342997875930698
diabetes,0.022606920405425696
smoking,0.014710359435867713
age,0.011961880648515864
