feature,weight
intercept,-0.47464021580824534
age,0.01795114363832663
anaemia,-0.08685995751861394
creatinine_phosphokinase,-0.1188594562451969
diabetes,0.04495694398806246
ejection_fraction,-0.2088664568793173
platelets,0.32505320051879016
serum_creatinine,-0.08686323883022631
serum_sodium,0.20279467878735669
sex,-0.0860754476940216
smoking,-0.034612610437335795
time,-0.7908558159504083
DEATH_EVENT,-0.5623242843383043
