feature,mean_importance
platelets,-0.03653794164736508
DEATH_EVENT,-0.03404735821791986
serum_creatinine,-0.009914832807976004
anaemia,-0.006553414104357036
serum_sodium,-0.0011154086233546635
age,0.00044477970577985195
diabetes,0.0013909759225226638
smoking,0.0014690613886570113
ejection_fraction,0.003936707014944285
sex,0.009708926023426856
creatinine_phosphokinase,0.009808017169730787
time,0.06950899934664526
