feature,mean_importance
platelets,-0.017130183206938286
DEATH_EVENT,-0.0010290387418985692
anaemia,-0.0008045837745844109
serum_creatinine,-0.0006025049109359415
diabetes,0.000998972582377311
smoking,0.0016692869342850082
sex,0.002417292818318861
serum_sodium,0.0025000108282769553
ejection_fraction,0.003636140066770088
age,0.004849305286146377
creatinine_phosphokinase,0.006961250110009631
time,0.06763083917816026
