feature,shap_importance
time,0.08462504147897577
platelets,0.037571071563806846
serum_creatinine,0.02448687015316101
age,0.013866494677915205
serum_sodium,0.013387664156216218
creatinine_phosphokinase,0.010472112439062948
ejection_fraction,0.00871925960374992
sex,0.0019323314788589215
smoking,0.001301471134575388
anaemia,0.0012687388830681524
DEATH_EVENT,0.0010476675843582492
diabetes,0.0007412172515421392
